RESPONDENTS_identifier,RESPONDENTS_parent_id,RESPONDENTS_parent_type
54836b78-18a6-4f3c-8661-ef022d72401a,30b5187b-e5a1-4fa9-bd16-aa85517c86f3,survey
54836b78-18a6-4f3c-8661-ef022d72401b,30b5187b-e5a1-4fa9-bd16-aa85517c86f3,survey
54836b78-18a6-4f3c-8661-ef022d72401c,30b5187b-e5a1-4fa9-bd16-aa85517c86f3,survey
54836b78-18a6-4f3c-8661-ef022d72401d,30b5187b-e5a1-4fa9-bd16-aa85517c86f3,survey
54836b78-18a6-4f3c-8661-ef022d72401e,30b5187b-e5a1-4fa9-bd16-aa85517c86f5,survey
54836b78-18a6-4f3c-8661-ef022d72401f,30b5187b-e5a1-4fa9-bd16-aa85517c86f5,survey
54836b78-18a6-4f3c-8661-ef022d724020,30b5187b-e5a1-4fa9-bd16-aa85517c86f7,survey
54836b78-18a6-4f3c-8661-ef022d724021,30b5187b-e5a1-4fa9-bd16-aa85517c86f7,survey
54836b78-18a6-4f3c-8661-ef022d724022,30b5187b-e5a1-4fa9-bd16-aa85517c86f7,survey
54836b78-18a6-4f3c-8661-ef022d724023,30b5187b-e5a1-4fa9-bd16-aa85517c86f7,survey
54836b78-18a6-4f3c-8661-ef022d724024,30b5187b-e5a1-4fa9-bd16-aa85517c86f7,survey
54836b78-18a6-4f3c-8661-ef022d724025,30b5187b-e5a1-4fa9-bd16-aa85517c86f7,survey
54836b78-18a6-4f3c-8661-ef022d72405e,30b5187b-e5a1-4fa9-bd16-aa85517c86f9,survey
54836b78-18a6-4f3c-8661-ef022d72405f,30b5187b-e5a1-4fa9-bd16-aa85517c86f9,survey
54836b78-18a6-4f3c-8661-ef022d72406a,30b5187b-e5a1-4fa9-bd16-aa85517c86f9,survey
54836b78-18a6-4f3c-8661-ef022d72406b,30b5187b-e5a1-4fa9-bd16-aa85517c86f9,survey
54836b78-18a6-4f3c-8661-ef022d72406c,30b5187b-e5a1-4fa9-bd16-aa85517c86f9,survey
54836b78-18a6-4f3c-8661-ef022d72406d,30b5187b-e5a1-4fa9-bd16-aa85517c86f9,survey
54836b78-18a6-4f3c-8661-ef022d72406e,30b5187b-e5a1-4fa9-bd16-aa85517c86f9,survey
54836b78-18a6-4f3c-8661-ef022d72406f,30b5187b-e5a1-4fa9-bd16-aa85517c86f9,survey
54836b78-18a6-4f3c-8661-ef022d72407a,30b5187b-e5a1-4fa9-bd16-aa85517c86f9,survey
54836b78-18a6-4f3c-8661-ef022d72407b,30b5187b-e5a1-4fa9-bd16-aa85517c86f9,survey
54836b78-18a6-4f3c-8661-ef022d72407c,30b5187b-e5a1-4fa9-bd16-aa85517c86f9,survey
54836b78-18a6-4f3c-8661-ef022d72407d,30b5187b-e5a1-4fa9-bd16-aa85517c86f9,survey
54836b78-18a6-4f3c-8661-ef022d72407e,30b5187b-e5a1-4fa9-bd16-aa85517c86f9,survey
54836b78-18a6-4f3c-8661-ef022d72407f,30b5187b-e5a1-4fa9-bd16-aa85517c86f9,survey
54836b78-18a6-4f3c-8661-ef022d724080,30b5187b-e5a1-4fa9-bd16-aa85517c86f9,survey
54836b78-18a6-4f3c-8661-ef022d724081,30b5187b-e5a1-4fa9-bd16-aa85517c86f9,survey
54836b78-18a6-4f3c-8661-ef022d724082,30b5187b-e5a1-4fa9-bd16-aa85517c86f9,survey
54836b78-18a6-4f3c-8661-ef022d724083,30b5187b-e5a1-4fa9-bd16-aa85517c86f9,survey
54836b78-18a6-4f3c-8661-ef022d724084,30b5187b-e5a1-4fa9-bd16-aa85517c86fa,survey
54836b78-18a6-4f3c-8661-ef022d724085,30b5187b-e5a1-4fa9-bd16-aa85517c86fa,survey
54836b78-18a6-4f3c-8661-ef022d724086,30b5187b-e5a1-4fa9-bd16-aa85517c86fa,survey
54836b78-18a6-4f3c-8661-ef022d724087,30b5187b-e5a1-4fa9-bd16-aa85517c86fc,survey
54836b78-18a6-4f3c-8661-ef022d724088,30b5187b-e5a1-4fa9-bd16-aa85517c86fc,survey
54836b78-18a6-4f3c-8661-ef022d724089,30b5187b-e5a1-4fa9-bd16-aa85517c86fd,survey
54836b78-18a6-4f3c-8661-ef022d72409d,30b5187b-e5a1-4fa9-bd16-aa85517c86fe,survey
54836b78-18a6-4f3c-8661-ef022d72409e,30b5187b-e5a1-4fa9-bd16-aa85517c86fe,survey
54836b78-18a6-4f3c-8661-ef022d72409f,30b5187b-e5a1-4fa9-bd16-aa85517c86fe,survey
54836b78-18a6-4f3c-8661-ef022d72410a,30b5187b-e5a1-4fa9-bd16-aa85517c86fe,survey
54836b78-18a6-4f3c-8661-ef022d72410b,30b5187b-e5a1-4fa9-bd16-aa85517c86fe,survey
54836b78-18a6-4f3c-8661-ef022d72410c,30b5187b-e5a1-4fa9-bd16-aa85517c86fe,survey
54836b78-18a6-4f3c-8661-ef022d72410d,30b5187b-e5a1-4fa9-bd16-aa85517c86fe,survey
54836b78-18a6-4f3c-8661-ef022d72410e,30b5187b-e5a1-4fa9-bd16-aa85517c86fe,survey
54836b78-18a6-4f3c-8661-ef022d72410f,30b5187b-e5a1-4fa9-bd16-aa85517c86fe,survey
54836b78-18a6-4f3c-8661-ef022d724101,30b5187b-e5a1-4fa9-bd16-aa85517c86ff,survey
54836b78-18a6-4f3c-8661-ef022d724102,30b5187b-e5a1-4fa9-bd16-aa85517c86ff,survey
54836b78-18a6-4f3c-8661-ef022d724103,30b5187b-e5a1-4fa9-bd16-aa85517c86ff,survey
54836b78-18a6-4f3c-8661-ef022d724104,30b5187b-e5a1-4fa9-bd16-aa85517c86ff,survey
54836b78-18a6-4f3c-8661-ef022d724105,30b5187b-e5a1-4fa9-bd16-aa85517c86ff,survey
54836b78-18a6-4f3c-8661-ef022d724106,30b5187b-e5a1-4fa9-bd16-aa85517c8700,survey
54836b78-18a6-4f3c-8661-ef022d724107,30b5187b-e5a1-4fa9-bd16-aa85517c8701,survey
54836b78-18a6-4f3c-8661-ef022d724108,30b5187b-e5a1-4fa9-bd16-aa85517c8702,survey
54836b78-18a6-4f3c-8661-ef022d724109,30b5187b-e5a1-4fa9-bd16-aa85517c8702,survey
54836b78-18a6-4f3c-8661-ef022d724110,30b5187b-e5a1-4fa9-bd16-aa85517c8702,survey
54836b78-18a6-4f3c-8661-ef022d724111,30b5187b-e5a1-4fa9-bd16-aa85517c8702,survey
54836b78-18a6-4f3c-8661-ef022d724112,30b5187b-e5a1-4fa9-bd16-aa85517c8708,survey
54836b78-18a6-4f3c-8661-ef022d724113,30b5187b-e5a1-4fa9-bd16-aa85517c8708,survey
54836b78-18a6-4f3c-8661-ef022d72411a,30b5187b-e5a1-4fa9-bd16-aa85517c870c,survey
54836b78-18a6-4f3c-8661-ef022d72411b,30b5187b-e5a1-4fa9-bd16-aa85517c870c,survey
54836b78-18a6-4f3c-8661-ef022d72411c,30b5187b-e5a1-4fa9-bd16-aa85517c870c,survey
54836b78-18a6-4f3c-8661-ef022d72412d,30b5187b-e5a1-4fa9-bd16-aa85517c870c,survey
54836b78-18a6-4f3c-8661-ef022d72412e,30b5187b-e5a1-4fa9-bd16-aa85517c870c,survey
54836b78-18a6-4f3c-8661-ef022d72412f,30b5187b-e5a1-4fa9-bd16-aa85517c870c,survey
54836b78-18a6-4f3c-8661-ef022d724130,30b5187b-e5a1-4fa9-bd16-aa85517c870d,survey
54836b78-18a6-4f3c-8661-ef022d724131,30b5187b-e5a1-4fa9-bd16-aa85517c870d,survey
54836b78-18a6-4f3c-8661-ef022d72411d,30b5187b-e5a1-4fa9-bd16-aa85517c870e,survey
54836b78-18a6-4f3c-8661-ef022d72411e,30b5187b-e5a1-4fa9-bd16-aa85517c870e,survey
54836b78-18a6-4f3c-8661-ef022d72411f,30b5187b-e5a1-4fa9-bd16-aa85517c870e,survey
54836b78-18a6-4f3c-8661-ef022d72412a,30b5187b-e5a1-4fa9-bd16-aa85517c870e,survey
54836b78-18a6-4f3c-8661-ef022d72412b,30b5187b-e5a1-4fa9-bd16-aa85517c870e,survey
54836b78-18a6-4f3c-8661-ef022d72412c,30b5187b-e5a1-4fa9-bd16-aa85517c8710,survey
54836b78-18a6-4f3c-8661-ef022d724132,30b5187b-e5a1-4fa9-bd16-aa85517c8710,survey
54836b78-18a6-4f3c-8661-ef022d724133,30b5187b-e5a1-4fa9-bd16-aa85517c8710,survey
54836b78-18a6-4f3c-8661-ef022d724134,30b5187b-e5a1-4fa9-bd16-aa85517c8710,survey
54836b78-18a6-4f3c-8661-ef022d724135,30b5187b-e5a1-4fa9-bd16-aa85517c8710,survey
54836b78-18a6-4f3c-8661-ef022d724136,30b5187b-e5a1-4fa9-bd16-aa85517c8710,survey
54836b78-18a6-4f3c-8661-ef022d724137,30b5187b-e5a1-4fa9-bd16-aa85517c8710,survey
54836b78-18a6-4f3c-8661-ef022d724138,30b5187b-e5a1-4fa9-bd16-aa85517c8713,survey
54836b78-18a6-4f3c-8661-ef022d724139,30b5187b-e5a1-4fa9-bd16-aa85517c8713,survey
54836b78-18a6-4f3c-8661-ef022d72413a,30b5187b-e5a1-4fa9-bd16-aa85517c8713,survey
54836b78-18a6-4f3c-8661-ef022d72413b,30b5187b-e5a1-4fa9-bd16-aa85517c8713,survey
54836b78-18a6-4f3c-8661-ef022d72413c,30b5187b-e5a1-4fa9-bd16-aa85517c8713,survey
54836b78-18a6-4f3c-8661-ef022d72413d,30b5187b-e5a1-4fa9-bd16-aa85517c8713,survey
54836b78-18a6-4f3c-8661-ef022d72413e,30b5187b-e5a1-4fa9-bd16-aa85517c8713,survey
54836b78-18a6-4f3c-8661-ef022d72413f,30b5187b-e5a1-4fa9-bd16-aa85517c8713,survey
54836b78-18a6-4f3c-8661-ef022d724140,30b5187b-e5a1-4fa9-bd16-aa85517c8715,survey
54836b78-18a6-4f3c-8661-ef022d724141,30b5187b-e5a1-4fa9-bd16-aa85517c8715,survey
54836b78-18a6-4f3c-8661-ef022d724142,30b5187b-e5a1-4fa9-bd16-aa85517c8715,survey
54836b78-18a6-4f3c-8661-ef022d724143,30b5187b-e5a1-4fa9-bd16-aa85517c8715,survey
